{"cameraMode":{"drawMode":0,"name":"Shaded","section":"Shading Mode"},"sceneLighting":true,"audioPlay":false,"sceneViewState":{"showFog":false,"showMaterialUpdate":false,"showSkybox":true,"showFlares":false,"showImageEffects":false,"showParticleSystems":false},"in2DMode":false,"pivot":{"x":5.144351959228516,"y":0.054667919874191287,"z":2.887932300567627},"rotation":{"x":0.004459541756659746,"y":0.9696668982505798,"z":-0.24378803372383119,"w":0.017748462036252023},"size":4.957942008972168,"orthographic":false}